TOTAL,SW,EB,INST_TOT,INST_SW,INST_EB,STATE,YEAR
5363.0,3489.0,860.0,3270.0,2371.0,569.0,United States,1994
3777.0,2568.0,254.0,2311.0,1800.0,175.0,Alabama,1994
7890.0,5040.0,1251.0,4099.0,2926.0,670.0,Alaska,1994
4041.0,2993.0,487.0,2329.0,1948.0,302.0,Arizona,1994
4060.0,2695.0,280.0,2540.0,1867.0,171.0,Arkansas,1994
4917.0,3036.0,954.0,2931.0,1977.0,615.0,California,1994
4772.0,3194.0,708.0,2936.0,2245.0,480.0,Colorado,1994
7629.0,5116.0,933.0,4899.0,3774.0,663.0,Connecticut,1994
6208.0,3734.0,1256.0,3922.0,2612.0,885.0,Delaware,1994
9187.0,5623.0,1802.0,4351.0,3117.0,908.0,District of Columbia,1994
4934.0,3215.0,1097.0,2800.0,1968.0,655.0,Florida,1994
4663.0,3078.0,831.0,2841.0,2105.0,584.0,Georgia,1994
5532.0,3623.0,1013.0,3410.0,2456.0,684.0,Hawaii,1994
3602.0,2324.0,498.0,2276.0,1643.0,342.0,Idaho,1994
5297.0,3437.0,680.0,3216.0,2467.0,424.0,Illinois,1994
5128.0,3409.0,763.0,3111.0,2324.0,529.0,Indiana,1994
5060.0,3339.0,804.0,3112.0,2236.0,531.0,Iowa,1994
5164.0,3515.0,564.0,2998.0,2374.0,337.0,Kansas,1994
5020.0,3193.0,691.0,3048.0,2168.0,410.0,Kentucky,1994
4049.0,2686.0,741.0,2439.0,1809.0,497.0,Louisiana,1994
5561.0,3443.0,584.0,3683.0,2576.0,380.0,Maine,1994
6100.0,3893.0,834.0,3641.0,2581.0,526.0,Maryland,1994
6413.0,3752.0,326.0,4029.0,2750.0,237.0,Massachusetts,1994
6391.0,4083.0,1096.0,3642.0,2552.0,668.0,Michigan,1994
5477.0,3549.0,966.0,3550.0,2497.0,695.0,Minnesota,1994
3423.0,2277.0,419.0,2120.0,1616.0,294.0,Mississippi,1994
4483.0,3062.0,605.0,2737.0,2086.0,387.0,Missouri,1994
4985.0,3186.0,863.0,3118.0,2260.0,599.0,Montana,1994
5410.0,3286.0,892.0,3626.0,2349.0,640.0,Nebraska,1994
4658.0,3162.0,847.0,2775.0,2083.0,560.0,Nevada,1994
5387.0,3453.0,787.0,3499.0,2519.0,565.0,New Hampshire,1994
8902.0,5958.0,1108.0,5202.0,3848.0,658.0,New Jersey,1994
4097.0,2545.0,717.0,2400.0,1769.0,460.0,New Mexico,1994
8162.0,5402.0,1572.0,5424.0,3988.0,1177.0,New York,1994
4521.0,3079.0,762.0,2789.0,2103.0,520.0,North Carolina,1994
4374.0,2781.0,684.0,2678.0,1972.0,494.0,North Dakota,1994
5438.0,3513.0,1016.0,3201.0,2310.0,639.0,Ohio,1994
4265.0,2829.0,464.0,2509.0,1913.0,308.0,Oklahoma,1994
5588.0,3286.0,1293.0,3328.0,2192.0,827.0,Oregon,1994
6579.0,3956.0,1270.0,4071.0,2732.0,911.0,Pennsylvania,1994
6554.0,4179.0,1156.0,4408.0,3059.0,834.0,Rhode Island,1994
4304.0,2862.0,733.0,2557.0,1914.0,478.0,South Carolina,1994
4067.0,2616.0,578.0,2525.0,1839.0,400.0,South Dakota,1994
3800.0,2619.0,588.0,2423.0,1876.0,418.0,Tennessee,1994
4520.0,3170.0,321.0,2720.0,2103.0,182.0,Texas,1994
3280.0,2017.0,707.0,2115.0,1405.0,487.0,Utah,1994
6269.0,4038.0,876.0,4085.0,2892.0,609.0,Vermont,1994
5135.0,3583.0,900.0,3129.0,2383.0,591.0,Virginia,1994
5338.0,3415.0,1057.0,3186.0,2257.0,698.0,Washington,1994
5247.0,3375.0,808.0,3344.0,2245.0,544.0,West Virginia,1994
6055.0,3758.0,1290.0,3860.0,2725.0,910.0,Wisconsin,1994
5515.0,3593.0,1010.0,3415.0,2438.0,671.0,Wyoming,1994
5494.0,3625.0,883.0,3366.0,2471.0,598.0,United States,1995
4082.0,2844.0,255.0,2514.0,1970.0,181.0,Alabama,1995
8004.0,5043.0,1289.0,4060.0,2882.0,678.0,Alaska,1995
4206.0,3023.0,508.0,2403.0,1982.0,317.0,Arizona,1995
4302.0,2822.0,315.0,2706.0,1930.0,182.0,Arkansas,1995
4790.0,3181.0,806.0,2876.0,2041.0,603.0,California,1995
5040.0,3264.0,731.0,2960.0,2250.0,488.0,Colorado,1995
7813.0,5204.0,941.0,5123.0,3789.0,655.0,Connecticut,1995
6509.0,3973.0,1378.0,4039.0,2785.0,966.0,Delaware,1995
8290.0,5308.0,1585.0,4183.0,2978.0,820.0,District of Columbia,1995
5082.0,3313.0,1125.0,2896.0,2029.0,674.0,Florida,1995
4915.0,3253.0,878.0,3000.0,2221.0,615.0,Georgia,1995
5597.0,3616.0,1023.0,3466.0,2491.0,691.0,Hawaii,1995
3941.0,2556.0,789.0,2504.0,1792.0,542.0,Idaho,1995
5310.0,3490.0,784.0,3148.0,2413.0,480.0,Illinois,1995
5285.0,3546.0,783.0,3246.0,2430.0,547.0,Indiana,1995
5210.0,3453.0,833.0,3226.0,2320.0,557.0,Iowa,1995
5268.0,3604.0,587.0,3054.0,2435.0,344.0,Kansas,1995
4591.0,3114.0,719.0,2718.0,2165.0,444.0,Kentucky,1995
4259.0,2852.0,755.0,2569.0,1920.0,515.0,Louisiana,1995
5991.0,3703.0,687.0,3920.0,2683.0,388.0,Maine,1995
6404.0,4044.0,841.0,3875.0,2694.0,536.0,Maryland,1995
6399.0,4073.0,626.0,4119.0,3007.0,423.0,Massachusetts,1995
6568.0,4256.0,1458.0,3816.0,2660.0,957.0,Michigan,1995
5867.0,3715.0,1016.0,3785.0,2613.0,738.0,Minnesota,1995
3791.0,2462.0,620.0,2351.0,1748.0,424.0,Mississippi,1995
4795.0,3282.0,652.0,2929.0,2225.0,417.0,Missouri,1995
5101.0,3243.0,886.0,3185.0,2300.0,615.0,Montana,1995
5489.0,3399.0,974.0,3627.0,2426.0,676.0,Nebraska,1995
4726.0,3188.0,866.0,2814.0,2107.0,575.0,Nevada,1995
5602.0,3529.0,747.0,3574.0,2636.0,535.0,New Hampshire,1995
8974.0,6168.0,1084.0,5165.0,3942.0,640.0,New Jersey,1995
4111.0,2536.0,687.0,2366.0,1732.0,447.0,New Mexico,1995
8424.0,5599.0,1552.0,5673.0,4225.0,1186.0,New York,1995
4762.0,3242.0,790.0,2955.0,2210.0,539.0,North Carolina,1995
4473.0,2855.0,703.0,2744.0,2017.0,503.0,North Dakota,1995
5698.0,3710.0,1063.0,3330.0,2408.0,652.0,Ohio,1995
4470.0,2933.0,490.0,2663.0,1998.0,321.0,Oklahoma,1995
5654.0,3385.0,1222.0,3428.0,2288.0,791.0,Oregon,1995
6503.0,3997.0,1283.0,4116.0,2861.0,902.0,Pennsylvania,1995
6855.0,4396.0,1199.0,4592.0,3227.0,870.0,Rhode Island,1995
4439.0,2952.0,754.0,2632.0,1973.0,487.0,South Carolina,1995
4246.0,2721.0,599.0,2651.0,1903.0,411.0,South Dakota,1995
3921.0,2698.0,628.0,2548.0,1965.0,448.0,Tennessee,1995
4740.0,3321.0,308.0,2897.0,2296.0,185.0,Texas,1995
3471.0,2133.0,759.0,2254.0,1487.0,528.0,Utah,1995
6179.0,4070.0,859.0,3977.0,2936.0,605.0,Vermont,1995
5316.0,3706.0,947.0,3255.0,2494.0,634.0,Virginia,1995
5493.0,3488.0,1085.0,3281.0,2301.0,715.0,Washington,1995
5619.0,3624.0,931.0,3556.0,2442.0,617.0,West Virginia,1995
6236.0,3849.0,1322.0,3980.0,2787.0,930.0,Wisconsin,1995
5742.0,3730.0,1063.0,3559.0,2530.0,706.0,Wyoming,1995
5656.0,3712.0,922.0,3485.0,2540.0,617.0,United States,1996
4311.0,2874.0,746.0,2663.0,1985.0,531.0,Alabama,1996
8169.0,5087.0,1321.0,4634.0,3336.0,823.0,Alaska,1996
4358.0,3202.0,544.0,2501.0,2103.0,341.0,Arizona,1996
4445.0,2870.0,326.0,2789.0,1967.0,183.0,Arkansas,1996
4912.0,3196.0,941.0,2950.0,2086.0,606.0,California,1996
5051.0,3465.0,756.0,3127.0,2390.0,512.0,Colorado,1996
7970.0,5243.0,915.0,5216.0,3801.0,631.0,Connecticut,1996
6647.0,4089.0,1325.0,4126.0,2881.0,936.0,Delaware,1996
8510.0,5151.0,1862.0,4197.0,2905.0,971.0,District of Columbia,1996
5136.0,3320.0,1140.0,2932.0,2038.0,685.0,Florida,1996
5097.0,3388.0,904.0,3141.0,2326.0,643.0,Georgia,1996
5705.0,3647.0,1157.0,3585.0,2433.0,772.0,Hawaii,1996
4177.0,2673.0,820.0,2642.0,1873.0,558.0,Idaho,1996
5476.0,3636.0,689.0,3243.0,2520.0,418.0,Illinois,1996
5492.0,3616.0,830.0,3371.0,2472.0,579.0,Indiana,1996
5449.0,3618.0,873.0,3343.0,2417.0,579.0,Iowa,1996
5442.0,3712.0,605.0,3171.0,2518.0,353.0,Kansas,1996
4882.0,3287.0,177.0,2930.0,2280.0,494.0,Kentucky,1996
4355.0,2880.0,789.0,2606.0,1924.0,539.0,Louisiana,1996
6109.0,3842.0,719.0,4014.0,2755.0,411.0,Maine,1996
6574.0,4094.0,861.0,3970.0,2727.0,553.0,Maryland,1996
6919.0,4206.0,647.0,4559.0,3107.0,432.0,Massachusetts,1996
6691.0,4375.0,1565.0,3931.0,2737.0,971.0,Michigan,1996
5892.0,3697.0,926.0,3837.0,2696.0,678.0,Minnesota,1996
3946.0,2569.0,633.0,2446.0,1815.0,431.0,Mississippi,1996
5018.0,3428.0,680.0,3085.0,2340.0,440.0,Missouri,1996
5207.0,3313.0,901.0,3250.0,2359.0,627.0,Montana,1996
5638.0,3535.0,988.0,3684.0,2498.0,704.0,Nebraska,1996
4884.0,3282.0,897.0,2895.0,2164.0,592.0,Nevada,1996
5685.0,3615.0,781.0,3737.0,2715.0,570.0,New Hampshire,1996
9208.0,6063.0,1073.0,5543.0,4053.0,637.0,New Jersey,1996
4237.0,2656.0,702.0,2422.0,1805.0,461.0,New Mexico,1996
8374.0,5608.0,1614.0,5678.0,4190.0,1222.0,New York,1996
4793.0,3223.0,782.0,2982.0,2203.0,535.0,North Carolina,1996
4669.0,2958.0,726.0,2841.0,2086.0,517.0,North Dakota,1996
5847.0,3772.0,1139.0,3427.0,2469.0,671.0,Ohio,1996
4500.0,2902.0,490.0,2662.0,1971.0,324.0,Oklahoma,1996
5851.0,3520.0,1217.0,3561.0,2372.0,782.0,Oregon,1996
6993.0,4393.0,1407.0,4454.0,3155.0,984.0,Pennsylvania,1996
6980.0,4500.0,1165.0,4671.0,3308.0,851.0,Rhode Island,1996
4646.0,3059.0,778.0,2820.0,2105.0,522.0,South Carolina,1996
4256.0,2723.0,596.0,2650.0,1906.0,410.0,South Dakota,1996
4143.0,2845.0,670.0,2644.0,2032.0,467.0,Tennessee,1996
4967.0,3444.0,321.0,3049.0,2373.0,194.0,Texas,1996
3682.0,2263.0,788.0,2374.0,1569.0,548.0,Utah,1996
6298.0,4162.0,877.0,4022.0,3001.0,616.0,Vermont,1996
5446.0,3839.0,982.0,3335.0,2531.0,639.0,Virginia,1996
5650.0,3617.0,1084.0,3369.0,2390.0,715.0,Washington,1996
5830.0,3680.0,1068.0,3685.0,2495.0,710.0,West Virginia,1996
6458.0,3970.0,1372.0,4100.0,2871.0,968.0,Wisconsin,1996
5820.0,3768.0,1074.0,3606.0,2563.0,712.0,Wyoming,1996
6137.0,4034.0,1054.0,3788.0,2760.0,708.0,United States,1998
4846.0,3172.0,821.0,2961.0,2160.0,539.0,Alabama,1998
8253.0,5117.0,1313.0,4712.0,3323.0,841.0,Alaska,1998
4483.0,3141.0,571.0,2569.0,2078.0,369.0,Arizona,1998
4940.0,3249.0,785.0,2996.0,2127.0,491.0,Arkansas,1998
5639.0,3680.0,1009.0,3452.0,2441.0,666.0,California,1998
5616.0,3709.0,696.0,3280.0,2479.0,456.0,Colorado,1998
8266.0,5472.0,1340.0,5315.0,3933.0,939.0,Connecticut,1998
7314.0,4380.0,1472.0,4570.0,3085.0,1038.0,Delaware,1998
8474.0,5164.0,,3676.0,3089.0,,District of Columbia,1998
5403.0,3459.0,1164.0,3121.0,2147.0,707.0,Florida,1998
5629.0,3795.0,1075.0,3505.0,2594.0,706.0,Georgia,1998
5859.0,3744.0,1246.0,3750.0,2576.0,854.0,Hawaii,1998
4675.0,2997.0,878.0,2923.0,2085.0,595.0,Idaho,1998
6236.0,4077.0,929.0,3699.0,2832.0,584.0,Illinois,1998
6178.0,3969.0,1382.0,3795.0,2707.0,962.0,Indiana,1998
5961.0,3956.0,966.0,3648.0,2636.0,638.0,Iowa,1998
5794.0,3868.0,731.0,3279.0,2567.0,464.0,Kansas,1998
5222.0,3504.0,860.0,3162.0,2396.0,555.0,Kentucky,1998
5085.0,3346.0,890.0,3074.0,2248.0,607.0,Louisiana,1998
6668.0,4154.0,1445.0,4467.0,2990.0,1010.0,Maine,1998
6944.0,4334.0,1496.0,4315.0,2956.0,1057.0,Maryland,1998
7651.0,4731.0,1201.0,5110.0,3527.0,919.0,Massachusetts,1998
6928.0,4543.0,1509.0,4050.0,2858.0,937.0,Michigan,1998
6239.0,4251.0,1000.0,3965.0,2953.0,707.0,Minnesota,1998
4289.0,2756.0,684.0,2616.0,1924.0,461.0,Mississippi,1998
5491.0,3766.0,718.0,3387.0,2560.0,472.0,Missouri,1998
5651.0,3604.0,974.0,3543.0,2548.0,678.0,Montana,1998
5779.0,3615.0,941.0,3713.0,2557.0,668.0,Nebraska,1998
5286.0,3564.0,974.0,3180.0,2356.0,652.0,Nevada,1998
6091.0,3846.0,860.0,4008.0,2896.0,623.0,New Hampshire,1998
9658.0,6293.0,1480.0,5813.0,4217.0,935.0,New Jersey,1998
4970.0,3109.0,796.0,2838.0,2088.0,518.0,New Mexico,1998
8860.0,6003.0,1579.0,6034.0,4499.0,1201.0,New York,1998
5239.0,3592.0,838.0,3342.0,2471.0,633.0,North Carolina,1998
5069.0,3185.0,828.0,3092.0,2243.0,594.0,North Dakota,1998
6166.0,4066.0,1116.0,3621.0,2648.0,686.0,Ohio,1998
4955.0,3096.0,766.0,2905.0,2085.0,515.0,Oklahoma,1998
6452.0,3846.0,1351.0,3819.0,2574.0,851.0,Oregon,1998
7293.0,4595.0,1337.0,4598.0,3292.0,927.0,Pennsylvania,1998
7564.0,4901.0,1529.0,4975.0,3607.0,1124.0,Rhode Island,1998
5269.0,3466.0,848.0,3144.0,2343.0,564.0,South Carolina,1998
4574.0,2972.0,648.0,2831.0,2088.0,448.0,South Dakota,1998
4875.0,3246.0,661.0,3168.0,2308.0,450.0,Tennessee,1998
5351.0,3785.0,533.0,3290.0,2595.0,340.0,Texas,1998
3930.0,2475.0,877.0,2590.0,1774.0,627.0,Utah,1998
6841.0,4429.0,1074.0,4358.0,3218.0,772.0,Vermont,1998
5989.0,4145.0,1108.0,3700.0,2736.0,733.0,Virginia,1998
5952.0,3803.0,1109.0,3552.0,2498.0,726.0,Washington,1998
6265.0,3912.0,1553.0,3878.0,2661.0,1049.0,West Virginia,1998
7074.0,4291.0,1538.0,4476.0,3089.0,1074.0,Wisconsin,1998
6213.0,3971.0,1148.0,3770.0,2680.0,756.0,Wyoming,1998
6458.0,4243.0,1086.0,3979.0,2897.0,729.0,United States,1999
5184.0,3525.0,736.0,3208.0,2442.0,485.0,Alabama,1999
8472.0,5024.0,1394.0,5208.0,3471.0,948.0,Alaska,1999
4629.0,3126.0,583.0,2679.0,2059.0,378.0,Arizona,1999
5205.0,3459.0,835.0,3150.0,2248.0,516.0,Arkansas,1999
5797.0,3908.0,895.0,3539.0,2587.0,590.0,California,1999
5876.0,3854.0,711.0,3436.0,2556.0,462.0,Colorado,1999
8632.0,5662.0,1408.0,5537.0,4050.0,990.0,Connecticut,1999
7536.0,4527.0,1423.0,4678.0,3225.0,993.0,Delaware,1999
9645.0,5549.0,822.0,4370.0,3345.0,507.0,District of Columbia,1999
5651.0,3610.0,1182.0,3256.0,2230.0,715.0,Florida,1999
6074.0,4105.0,1150.0,3803.0,2818.0,765.0,Georgia,1999
6082.0,4172.0,1047.0,3818.0,2825.0,713.0,Hawaii,1999
5009.0,3197.0,914.0,3119.0,2213.0,619.0,Idaho,1999
6760.0,4343.0,1051.0,4079.0,3016.0,687.0,Illinois,1999
6625.0,4156.0,1606.0,4072.0,2825.0,1115.0,Indiana,1999
6229.0,4223.0,1026.0,3645.0,2745.0,665.0,Iowa,1999
5919.0,3983.0,768.0,3368.0,2641.0,487.0,Kansas,1999
5628.0,3782.0,910.0,3411.0,2582.0,590.0,Kentucky,1999
5420.0,3583.0,959.0,3313.0,2410.0,658.0,Louisiana,1999
7119.0,4409.0,1537.0,4738.0,3154.0,1073.0,Maine,1999
7176.0,4534.0,1504.0,4349.0,3035.0,1043.0,Maryland,1999
8106.0,4951.0,1271.0,5424.0,3692.0,973.0,Massachusetts,1999
7234.0,4715.0,1530.0,4198.0,2958.0,952.0,Michigan,1999
6674.0,4538.0,1047.0,4230.0,3145.0,736.0,Minnesota,1999
4544.0,2914.0,717.0,2742.0,2021.0,480.0,Mississippi,1999
5787.0,3965.0,764.0,3577.0,2697.0,503.0,Missouri,1999
5880.0,3761.0,988.0,3691.0,2653.0,696.0,Montana,1999
6017.0,3757.0,990.0,3874.0,2655.0,703.0,Nebraska,1999
5576.0,3720.0,1039.0,3339.0,2449.0,693.0,Nevada,1999
6373.0,3992.0,897.0,4197.0,2993.0,650.0,New Hampshire,1999
10230.0,6491.0,1753.0,6225.0,4353.0,1137.0,New Jersey,1999
5417.0,3406.0,856.0,3037.0,2268.0,554.0,New Mexico,1999
9373.0,6277.0,1616.0,6369.0,4757.0,1244.0,New York,1999
5623.0,3902.0,876.0,3534.0,2683.0,600.0,North Carolina,1999
5411.0,3384.0,872.0,3314.0,2399.0,630.0,North Dakota,1999
6572.0,4299.0,1187.0,3862.0,2791.0,732.0,Ohio,1999
5255.0,3192.0,767.0,3078.0,2155.0,516.0,Oklahoma,1999
6809.0,3936.0,1427.0,4024.0,2636.0,905.0,Oregon,1999
7502.0,4781.0,1300.0,4714.0,3410.0,894.0,Pennsylvania,1999
7878.0,5141.0,1514.0,5120.0,3746.0,1104.0,Rhode Island,1999
5647.0,3671.0,909.0,3345.0,2472.0,604.0,South Carolina,1999
5175.0,3341.0,721.0,3208.0,2336.0,496.0,South Dakota,1999
5109.0,3366.0,742.0,3323.0,2390.0,517.0,Tennessee,1999
5632.0,3987.0,563.0,3418.0,2704.0,358.0,Texas,1999
4169.0,2645.0,958.0,2732.0,1871.0,664.0,Utah,1999
7541.0,4720.0,1142.0,4837.0,3412.0,819.0,Vermont,1999
6285.0,4333.0,1183.0,3879.0,2852.0,781.0,Virginia,1999
6116.0,3868.0,1143.0,3651.0,2533.0,747.0,Washington,1999
6626.0,4111.0,1645.0,4090.0,2779.0,1092.0,West Virginia,1999
7413.0,4508.0,1625.0,4642.0,3188.0,1113.0,Wisconsin,1999
6836.0,4325.0,1291.0,4101.0,2891.0,843.0,Wyoming,1999
7701.0,5023.0,1321.0,4722.0,3407.0,884.0,  United States,2002
6115.0,3860.0,1123.0,3743.0,2625.0,722.0,Alabama,2002
9586.0,5723.0,1638.0,5618.0,3759.0,1053.0,Alaska,2002
5524.0,3697.0,705.0,3094.0,2362.0,442.0,Arizona,2002
6119.0,4011.0,901.0,3774.0,2717.0,592.0,Arkansas,2002
7511.0,4941.0,1241.0,4628.0,3283.0,827.0,California,2002
6884.0,4521.0,840.0,3995.0,2983.0,541.0,Colorado,2002
10001.0,6625.0,1800.0,6263.0,4630.0,1242.0,Connecticut,2002
9271.0,5608.0,1795.0,5755.0,4055.0,1304.0,Delaware,2002
13187.0,7645.0,1595.0,6473.0,4070.0,847.0,District of Columbia,2002
6056.0,3967.0,1049.0,3512.0,2474.0,628.0,Florida,2002
7340.0,4872.0,1428.0,4688.0,3391.0,1012.0,Georgia,2002
7253.0,5014.0,964.0,4417.0,3284.0,634.0,Hawaii,2002
5923.0,3788.0,1144.0,3639.0,2598.0,764.0,Idaho,2002
8022.0,5087.0,1402.0,4823.0,3474.0,927.0,Illinois,2002
7580.0,4664.0,1867.0,4611.0,3168.0,1292.0,Indiana,2002
7305.0,4963.0,1326.0,4342.0,3226.0,850.0,Iowa,2002
7052.0,4522.0,945.0,4166.0,2972.0,592.0,Kansas,2002
6493.0,4362.0,1115.0,3971.0,2951.0,745.0,Kentucky,2002
6519.0,4258.0,1132.0,3976.0,2888.0,769.0,Louisiana,2002
8351.0,5163.0,1933.0,5450.0,3681.0,1323.0,Maine,2002
8507.0,5541.0,1632.0,5209.0,3771.0,1123.0,Maryland,2002
9856.0,6388.0,1783.0,6142.0,4375.0,1315.0,Massachusetts,2002
8489.0,5339.0,1922.0,4858.0,3311.0,1184.0,Michigan,2002
7691.0,5211.0,1330.0,4895.0,3574.0,930.0,Minnesota,2002
5382.0,3423.0,911.0,3224.0,2348.0,601.0,Mississippi,2002
7018.0,4702.0,1020.0,4275.0,3162.0,660.0,Missouri,2002
7027.0,4213.0,1149.0,4363.0,2915.0,783.0,Montana,2002
7418.0,4608.0,1260.0,4704.0,3210.0,895.0,Nebraska,2002
6034.0,3934.0,1124.0,3766.0,2626.0,749.0,Nevada,2002
7750.0,4829.0,1329.0,4913.0,3548.0,976.0,New Hampshire,2002
11436.0,7413.0,1855.0,6608.0,4888.0,1129.0,New Jersey,2002
6606.0,4256.0,1093.0,3733.0,2752.0,690.0,New Mexico,2002
11546.0,7590.0,2028.0,7945.0,5755.0,1601.0,New York,2002
6511.0,4599.0,904.0,4119.0,3174.0,607.0,North Carolina,2002
6728.0,4218.0,1131.0,4112.0,2954.0,807.0,North Dakota,2002
8100.0,5196.0,1552.0,4661.0,3317.0,939.0,Ohio,2002
6256.0,3814.0,865.0,3529.0,2545.0,572.0,Oklahoma,2002
7621.0,4490.0,1821.0,4461.0,2922.0,1167.0,Oregon,2002
8841.0,5550.0,1432.0,5440.0,3908.0,956.0,Pennsylvania,2002
9178.0,6005.0,1892.0,5828.0,4313.0,1285.0,Rhode Island,2002
6984.0,4527.0,1264.0,4199.0,3051.0,829.0,South Carolina,2002
6319.0,4019.0,962.0,3821.0,2776.0,649.0,South Dakota,2002
5984.0,3985.0,882.0,3875.0,2811.0,596.0,Tennessee,2002
6746.0,4672.0,723.0,4092.0,3156.0,457.0,Texas,2002
4890.0,3097.0,1055.0,3194.0,2178.0,737.0,Utah,2002
9678.0,6063.0,1695.0,6045.0,4287.0,1202.0,Vermont,2002
7501.0,5188.0,1296.0,4622.0,3468.0,855.0,Virginia,2002
6894.0,4571.0,1106.0,4144.0,3022.0,708.0,Washington,2002
7748.0,4728.0,2008.0,4773.0,3163.0,1331.0,West Virginia,2002
8574.0,5060.0,2070.0,5303.0,3535.0,1397.0,Wisconsin,2002
8667.0,5451.0,1734.0,5277.0,3632.0,1132.0,Wyoming,2002
8019.0,5182.0,1438.0,4902.0,3504.0,957.0,  United States,2003
6395.0,4030.0,1145.0,3868.0,2720.0,729.0,Alabama,2003
9919.0,5911.0,1697.0,5728.0,3860.0,1067.0,Alaska,2003
5672.0,3755.0,737.0,3168.0,2398.0,462.0,Arizona,2003
6408.0,4178.0,930.0,3924.0,2809.0,615.0,Arkansas,2003
7691.0,5082.0,1420.0,4666.0,3319.0,904.0,California,2003
7316.0,4817.0,924.0,4212.0,3147.0,591.0,Colorado,2003
10372.0,6749.0,1850.0,6458.0,4762.0,1289.0,Connecticut,2003
9669.0,5811.0,1986.0,6002.0,4133.0,1406.0,Delaware,2003
13328.0,7601.0,1692.0,6976.0,4145.0,1290.0,District of Columbia,2003
6450.0,4080.0,1074.0,3793.0,2543.0,640.0,Florida,2003
7724.0,5180.0,1440.0,4916.0,3566.0,1025.0,Georgia,2003
8100.0,5240.0,1475.0,4833.0,3418.0,951.0,Hawaii,2003
6034.0,3835.0,1173.0,3720.0,2634.0,785.0,Idaho,2003
8409.0,5276.0,1523.0,5052.0,3615.0,1009.0,Illinois,2003
7948.0,4738.0,2060.0,4782.0,3213.0,1423.0,Indiana,2003
7534.0,5035.0,1430.0,4474.0,3283.0,922.0,Iowa,2003
7292.0,4617.0,990.0,4401.0,3036.0,634.0,Kansas,2003
6647.0,4458.0,1136.0,4068.0,3000.0,766.0,Kentucky,2003
6868.0,4426.0,1240.0,4161.0,2990.0,842.0,Louisiana,2003
8847.0,5367.0,2392.0,5826.0,3872.0,1473.0,Maine,2003
8921.0,5794.0,1791.0,5467.0,3934.0,1226.0,Maryland,2003
10223.0,6500.0,2009.0,6336.0,4427.0,1479.0,Massachusetts,2003
8588.0,5328.0,2042.0,4889.0,3286.0,1246.0,Michigan,2003
8073.0,5400.0,1442.0,5178.0,3740.0,1015.0,Minnesota,2003
5816.0,3626.0,976.0,3462.0,2492.0,643.0,Mississippi,2003
7262.0,4838.0,1099.0,4422.0,3246.0,709.0,Missouri,2003
7449.0,4427.0,1247.0,4589.0,3044.0,839.0,Montana,2003
7743.0,4778.0,1375.0,4967.0,3336.0,982.0,Nebraska,2003
6084.0,3897.0,1179.0,3807.0,2594.0,790.0,Nevada,2003
8285.0,5157.0,1485.0,5217.0,3782.0,1087.0,New Hampshire,2003
12202.0,7645.0,2261.0,7085.0,5038.0,1418.0,New Jersey,2003
6870.0,4437.0,1176.0,3870.0,2835.0,741.0,New Mexico,2003
12140.0,7843.0,2263.0,8375.0,5972.0,1793.0,New York,2003
6635.0,4642.0,848.0,4197.0,3212.0,569.0,North Carolina,2003
7153.0,4458.0,1209.0,4326.0,3087.0,857.0,North Dakota,2003
8555.0,5441.0,1690.0,4881.0,3462.0,1020.0,Ohio,2003
6127.0,3689.0,935.0,3458.0,2465.0,619.0,Oklahoma,2003
7460.0,4328.0,1819.0,4407.0,2836.0,1168.0,Oregon,2003
9367.0,5751.0,1562.0,5739.0,4042.0,1046.0,Pennsylvania,2003
9315.0,6398.0,2166.0,5704.0,4538.0,1440.0,Rhode Island,2003
7047.0,4488.0,1269.0,4169.0,3013.0,828.0,South Carolina,2003
6532.0,4096.0,1036.0,3913.0,2810.0,694.0,South Dakota,2003
6201.0,4082.0,960.0,4002.0,2869.0,643.0,Tennessee,2003
7076.0,4923.0,799.0,4286.0,3323.0,502.0,Texas,2003
4860.0,3077.0,1092.0,3123.0,2134.0,757.0,Utah,2003
10322.0,6433.0,1876.0,6438.0,4543.0,1321.0,Vermont,2003
7832.0,5387.0,1378.0,4814.0,3589.0,907.0,Virginia,2003
7101.0,4789.0,1097.0,4270.0,3172.0,695.0,Washington,2003
8218.0,4975.0,2222.0,5044.0,3315.0,1463.0,West Virginia,2003
8993.0,5197.0,2310.0,5532.0,3613.0,1551.0,Wisconsin,2003
9202.0,5717.0,1860.0,5507.0,3771.0,1202.0,Wyoming,2003
8287.0,5257.0,1564.0,5056.0,3561.0,1035.0,Â  United States,2004
6553.0,4021.0,1272.0,3934.0,2708.0,808.0,Alabama,2004
10114.0,5931.0,1806.0,5821.0,3864.0,1143.0,Alaska,2004
6036.0,3900.0,924.0,3458.0,2568.0,597.0,Arizona,2004
6740.0,4349.0,994.0,4105.0,2921.0,659.0,Arkansas,2004
7748.0,4993.0,1507.0,4690.0,3276.0,919.0,California,2004
7412.0,4842.0,988.0,4265.0,3146.0,623.0,Colorado,2004
10788.0,6937.0,2010.0,6714.0,4896.0,1403.0,Connecticut,2004
10228.0,6015.0,2215.0,6300.0,4237.0,1563.0,Delaware,2004
12801.0,8237.0,968.0,6337.0,4593.0,435.0,District of Columbia,2004
6784.0,4201.0,1203.0,4015.0,2630.0,721.0,Florida,2004
7733.0,5185.0,1421.0,4922.0,3590.0,1011.0,Georgia,2004
8533.0,5352.0,1537.0,5139.0,3487.0,1000.0,Hawaii,2004
6028.0,3811.0,1211.0,3742.0,2640.0,816.0,Idaho,2004
8656.0,5387.0,1715.0,5195.0,3690.0,1090.0,Illinois,2004
8280.0,4839.0,2263.0,4977.0,3266.0,1557.0,Indiana,2004
7631.0,5158.0,1539.0,4689.0,3366.0,987.0,Iowa,2004
7518.0,4661.0,1084.0,4539.0,3061.0,703.0,Kansas,2004
6888.0,4639.0,1272.0,4103.0,3063.0,802.0,Kentucky,2004
7209.0,4555.0,1390.0,4349.0,3067.0,922.0,Louisiana,2004
9534.0,5850.0,2121.0,6270.0,4182.0,1562.0,Maine,2004
9212.0,5917.0,1934.0,5711.0,4050.0,1352.0,Maryland,2004
10693.0,6659.0,2353.0,6669.0,4568.0,1732.0,Massachusetts,2004
9072.0,5360.0,2162.0,5182.0,3428.0,1361.0,Michigan,2004
8359.0,5549.0,1525.0,5444.0,3873.0,1079.0,Minnesota,2004
6237.0,3904.0,1057.0,3718.0,2635.0,687.0,Mississippi,2004
7331.0,4854.0,1137.0,4433.0,3263.0,737.0,Missouri,2004
7763.0,4601.0,1298.0,4752.0,3158.0,873.0,Montana,2004
8032.0,4910.0,1437.0,5163.0,3427.0,1030.0,Nebraska,2004
6399.0,3962.0,1292.0,4008.0,2627.0,865.0,Nevada,2004
8860.0,5437.0,1686.0,5588.0,3989.0,1235.0,New Hampshire,2004
12981.0,7963.0,2577.0,7524.0,5243.0,1627.0,New Jersey,2004
7331.0,4582.0,1281.0,4149.0,2966.0,811.0,New Mexico,2004
12930.0,8076.0,2629.0,8840.0,6082.0,2063.0,New York,2004
6702.0,4623.0,906.0,4177.0,3174.0,602.0,North Carolina,2004
7727.0,4845.0,1297.0,4727.0,3389.0,915.0,North Dakota,2004
8963.0,5648.0,1846.0,5105.0,3593.0,1102.0,Ohio,2004
6176.0,3636.0,939.0,3423.0,2413.0,617.0,Oklahoma,2004
7619.0,4336.0,1838.0,4499.0,2896.0,1166.0,Oregon,2004
9979.0,5981.0,1894.0,6049.0,4182.0,1264.0,Pennsylvania,2004
9903.0,6529.0,2343.0,6048.0,4684.0,1670.0,Rhode Island,2004
7184.0,4518.0,1283.0,4239.0,3036.0,840.0,South Carolina,2004
6949.0,4291.0,1105.0,4169.0,2959.0,744.0,South Dakota,2004
6504.0,4235.0,1051.0,4216.0,2982.0,704.0,Tennessee,2004
7104.0,4903.0,834.0,4286.0,3317.0,528.0,Texas,2004
5008.0,3114.0,1168.0,3187.0,2151.0,805.0,Utah,2004
11128.0,6793.0,2155.0,6920.0,4768.0,1510.0,Vermont,2004
8225.0,5604.0,1474.0,5041.0,3723.0,963.0,Virginia,2004
7243.0,4827.0,1152.0,4356.0,3194.0,732.0,Washington,2004
8475.0,4908.0,2428.0,5197.0,3331.0,1607.0,West Virginia,2004
9226.0,5169.0,2427.0,5644.0,3682.0,1625.0,Wisconsin,2004
9363.0,5761.0,1940.0,5568.0,3776.0,1243.0,Wyoming,2004
8701.0,5435.0,1708.0,5303.0,3677.0,1135.0,  United States,2005
7066.0,4151.0,1482.0,4183.0,2769.0,932.0,Alabama,2005
10830.0,6074.0,2185.0,6258.0,3998.0,1399.0,Alaska,2005
6261.0,4015.0,961.0,3577.0,2636.0,622.0,Arizona,2005
7504.0,4781.0,1151.0,4582.0,3209.0,775.0,Arkansas,2005
8067.0,5084.0,1693.0,4902.0,3343.0,1044.0,California,2005
7730.0,4941.0,1061.0,4404.0,3207.0,678.0,Colorado,2005
11572.0,7289.0,2471.0,7204.0,5059.0,1709.0,Connecticut,2005
10910.0,6254.0,2510.0,6718.0,4383.0,1761.0,Delaware,2005
12979.0,8495.0,969.0,5355.0,4571.0,424.0,District of Columbia,2005
7207.0,4417.0,1270.0,4261.0,2774.0,763.0,Florida,2005
8028.0,5288.0,1425.0,5079.0,3642.0,1014.0,Georgia,2005
8997.0,5582.0,1750.0,5498.0,3634.0,1148.0,Hawaii,2005
6283.0,3949.0,1292.0,3900.0,2735.0,871.0,Idaho,2005
8944.0,5560.0,1654.0,5325.0,3781.0,1079.0,Illinois,2005
8798.0,4964.0,2516.0,5267.0,3352.0,1732.0,Indiana,2005
7972.0,5350.0,1633.0,4857.0,3478.0,1042.0,Iowa,2005
7706.0,4802.0,1084.0,4639.0,3154.0,709.0,Kansas,2005
7118.0,4726.0,1372.0,4245.0,3094.0,911.0,Kentucky,2005
7605.0,4706.0,1577.0,4549.0,3150.0,1030.0,Louisiana,2005
10106.0,6133.0,2302.0,6603.0,4364.0,1686.0,Maine,2005
9815.0,6187.0,2120.0,5971.0,4182.0,1446.0,Maryland,2005
11267.0,6946.0,2589.0,6987.0,4728.0,1905.0,Massachusetts,2005
9329.0,5387.0,2331.0,5319.0,3451.0,1471.0,Michigan,2005
8662.0,5730.0,1636.0,5653.0,4016.0,1166.0,Minnesota,2005
6575.0,4139.0,1172.0,3915.0,2793.0,758.0,Mississippi,2005
7717.0,5052.0,1234.0,4673.0,3399.0,799.0,Missouri,2005
8058.0,4789.0,1369.0,4922.0,3283.0,915.0,Montana,2005
8282.0,4968.0,1524.0,5214.0,3434.0,1087.0,Nebraska,2005
6722.0,4089.0,1403.0,4163.0,2679.0,930.0,Nevada,2005
9448.0,5743.0,1862.0,5931.0,4199.0,1363.0,New Hampshire,2005
13800.0,8382.0,2812.0,7966.0,5506.0,1770.0,New Jersey,2005
7580.0,4733.0,1342.0,4281.0,3067.0,855.0,New Mexico,2005
14119.0,8613.0,3136.0,9722.0,6508.0,2457.0,New York,2005
7159.0,4873.0,1061.0,4531.0,3374.0,719.0,North Carolina,2005
8159.0,5088.0,1387.0,4998.0,3562.0,979.0,North Dakota,2005
9260.0,5789.0,1957.0,5272.0,3695.0,1168.0,Ohio,2005
6613.0,3839.0,1037.0,3662.0,2536.0,691.0,Oklahoma,2005
8115.0,4515.0,1946.0,4773.0,3009.0,1237.0,Oregon,2005
10552.0,6183.0,2092.0,6381.0,4316.0,1390.0,Pennsylvania,2005
10371.0,6818.0,2564.0,6064.0,4709.0,1720.0,Rhode Island,2005
7555.0,4752.0,1327.0,4439.0,3180.0,867.0,South Carolina,2005
7197.0,4393.0,1153.0,4318.0,3036.0,775.0,South Dakota,2005
6729.0,4312.0,1186.0,4378.0,3039.0,802.0,Tennessee,2005
7267.0,4975.0,833.0,4372.0,3353.0,530.0,Texas,2005
5257.0,3221.0,1285.0,3345.0,2230.0,882.0,Utah,2005
11835.0,7224.0,2314.0,7315.0,5041.0,1617.0,Vermont,2005
8891.0,5921.0,1736.0,5451.0,3935.0,1138.0,Virginia,2005
7560.0,4945.0,1308.0,4539.0,3268.0,828.0,Washington,2005
9005.0,5061.0,2696.0,5454.0,3328.0,1748.0,West Virginia,2005
9744.0,5407.0,2618.0,5968.0,3864.0,1746.0,Wisconsin,2005
10255.0,6217.0,2151.0,6067.0,4065.0,1375.0,Wyoming,2005
9138.0,5636.0,1822.0,5543.0,3811.0,1208.0,  United States,2006
7646.0,4427.0,1692.0,4469.0,2923.0,1056.0,Alabama,2006
11460.0,6323.0,2610.0,6557.0,4140.0,1674.0,Alaska,2006
6472.0,4098.0,1050.0,3717.0,2700.0,673.0,Arizona,2006
7927.0,4943.0,1274.0,4788.0,3284.0,847.0,Arkansas,2006
8486.0,5316.0,1754.0,5127.0,3479.0,1084.0,California,2006
8057.0,5039.0,1147.0,4563.0,3267.0,731.0,Colorado,2006
12323.0,7625.0,2766.0,7637.0,5276.0,1918.0,Connecticut,2006
11633.0,6534.0,2804.0,7096.0,4544.0,1960.0,Delaware,2006
13446.0,8811.0,1124.0,5729.0,4712.0,436.0,District of Columbia,2006
7759.0,4720.0,1362.0,4584.0,2980.0,825.0,Florida,2006
8565.0,5541.0,1616.0,5369.0,3822.0,1099.0,Georgia,2006
9876.0,5886.0,2098.0,5893.0,3785.0,1337.0,Hawaii,2006
6440.0,4029.0,1324.0,3980.0,2787.0,894.0,Idaho,2006
9149.0,5712.0,1617.0,5387.0,3878.0,1019.0,Illinois,2006
8793.0,4998.0,2441.0,5212.0,3371.0,1678.0,Indiana,2006
8360.0,5386.0,1628.0,5016.0,3583.0,1084.0,Iowa,2006
8392.0,5196.0,1218.0,5103.0,3423.0,794.0,Kansas,2006
7662.0,4952.0,1607.0,4535.0,3246.0,1042.0,Kentucky,2006
8402.0,4859.0,1830.0,4886.0,3272.0,1196.0,Louisiana,2006
10586.0,6458.0,2302.0,6804.0,4568.0,1655.0,Maine,2006
10670.0,6625.0,2321.0,6436.0,4474.0,1570.0,Maryland,2006
11981.0,7255.0,2855.0,7406.0,4943.0,2100.0,Massachusetts,2006
9572.0,5378.0,2501.0,5437.0,3452.0,1587.0,Michigan,2006
9138.0,5911.0,1719.0,5891.0,4163.0,1222.0,Minnesota,2006
7221.0,4395.0,1297.0,4243.0,2977.0,843.0,Mississippi,2006
8107.0,5246.0,1315.0,4895.0,3553.0,860.0,Missouri,2006
8581.0,5033.0,1463.0,5188.0,3450.0,971.0,Montana,2006
8736.0,5184.0,1667.0,5489.0,3588.0,1183.0,Nebraska,2006
7345.0,4339.0,1463.0,4460.0,2812.0,964.0,Nevada,2006
10079.0,6024.0,2070.0,6307.0,4399.0,1517.0,New Hampshire,2006
14630.0,8773.0,3115.0,8441.0,5772.0,1963.0,New Jersey,2006
8086.0,5043.0,1466.0,4591.0,3237.0,943.0,New Mexico,2006
14884.0,8992.0,3412.0,10285.0,6799.0,2674.0,New York,2006
7388.0,4949.0,1163.0,4569.0,3394.0,784.0,North Carolina,2006
8603.0,5365.0,1471.0,5227.0,3743.0,1033.0,North Dakota,2006
9598.0,5958.0,2050.0,5425.0,3805.0,1223.0,Ohio,2006
6961.0,4029.0,1094.0,3842.0,2660.0,731.0,Oklahoma,2006
8545.0,4654.0,2191.0,4999.0,3087.0,1397.0,Oregon,2006
11028.0,6349.0,2273.0,6612.0,4424.0,1497.0,Pennsylvania,2006
11769.0,7267.0,2861.0,6856.0,4915.0,1828.0,Rhode Island,2006
8091.0,5076.0,1421.0,4698.0,3371.0,920.0,South Carolina,2006
7651.0,4593.0,1222.0,4535.0,3171.0,822.0,South Dakota,2006
6883.0,4360.0,1202.0,4454.0,3079.0,832.0,Tennessee,2006
7561.0,5094.0,858.0,4561.0,3442.0,550.0,Texas,2006
5437.0,3282.0,1341.0,3443.0,2271.0,929.0,Utah,2006
12614.0,7602.0,2539.0,7800.0,5324.0,1776.0,Vermont,2006
9447.0,6233.0,1885.0,5785.0,4140.0,1233.0,Virginia,2006
7830.0,5040.0,1447.0,4679.0,3320.0,913.0,Washington,2006
9352.0,5248.0,2752.0,5610.0,3430.0,1772.0,West Virginia,2006
9970.0,5436.0,2748.0,6084.0,3892.0,1832.0,Wisconsin,2006
11197.0,6728.0,2429.0,6629.0,4397.0,1558.0,Wyoming,2006
9666.0,5923.0,1973.0,5867.0,4003.0,1316.0,  United States,2007
8391.0,4862.0,1914.0,4911.0,3199.0,1193.0,Alabama,2007
12300.0,6472.0,3068.0,7014.0,4232.0,1969.0,Alaska,2007
7196.0,4468.0,1232.0,4102.0,2924.0,791.0,Arizona,2007
8284.0,5153.0,1338.0,4920.0,3399.0,882.0,Arkansas,2007
9152.0,5747.0,1827.0,5508.0,3735.0,1125.0,California,2007
8167.0,5229.0,1223.0,4748.0,3385.0,782.0,Colorado,2007
12979.0,7892.0,2830.0,7988.0,5550.0,1974.0,Connecticut,2007
11829.0,6679.0,2962.0,7149.0,4637.0,2067.0,Delaware,2007
14324.0,9388.0,1199.0,6226.0,5001.0,500.0,District of Columbia,2007
8514.0,5105.0,1550.0,5074.0,3234.0,944.0,Florida,2007
9127.0,5802.0,1878.0,5816.0,3991.0,1365.0,Georgia,2007
11060.0,6470.0,2322.0,6517.0,4137.0,1469.0,Hawaii,2007
6625.0,4124.0,1344.0,4066.0,2854.0,905.0,Idaho,2007
9555.0,5916.0,1689.0,5627.0,4013.0,1087.0,Illinois,2007
8938.0,5094.0,2534.0,5326.0,3425.0,1736.0,Indiana,2007
8769.0,5661.0,1724.0,5294.0,3792.0,1147.0,Iowa,2007
8988.0,5560.0,1357.0,5547.0,3694.0,901.0,Kansas,2007
8309.0,5421.0,1720.0,4926.0,3550.0,1100.0,Kentucky,2007
8928.0,5192.0,1935.0,5179.0,3480.0,1256.0,Louisiana,2007
11387.0,6702.0,2692.0,7268.0,4717.0,1955.0,Maine,2007
11724.0,7276.0,2552.0,7082.0,4896.0,1739.0,Maryland,2007
12738.0,7445.0,3177.0,7846.0,5129.0,2340.0,Massachusetts,2007
9912.0,5503.0,2617.0,5650.0,3549.0,1659.0,Michigan,2007
9539.0,6142.0,1804.0,6163.0,4329.0,1279.0,Minnesota,2007
7473.0,4513.0,1403.0,4372.0,3028.0,904.0,Mississippi,2007
8529.0,5485.0,1381.0,5174.0,3707.0,899.0,Missouri,2007
9078.0,5305.0,1562.0,5502.0,3632.0,1039.0,Montana,2007
9141.0,5494.0,1665.0,5776.0,3822.0,1190.0,Nebraska,2007
7993.0,4765.0,1608.0,4842.0,3047.0,1050.0,Nevada,2007
10723.0,6356.0,2271.0,6701.0,4648.0,1659.0,New Hampshire,2007
15691.0,9121.0,3749.0,9137.0,6011.0,2427.0,New Jersey,2007
8635.0,5254.0,1538.0,4912.0,3480.0,995.0,New Mexico,2007
15981.0,9542.0,3804.0,11042.0,7229.0,2980.0,New York,2007
7883.0,5299.0,1245.0,4935.0,3635.0,860.0,North Carolina,2007
9022.0,5594.0,1548.0,5423.0,3891.0,1079.0,North Dakota,2007
9799.0,6067.0,2140.0,5517.0,3873.0,1279.0,Ohio,2007
7420.0,4353.0,1202.0,4208.0,2906.0,816.0,Oklahoma,2007
9000.0,4885.0,2306.0,5280.0,3213.0,1465.0,Oregon,2007
11098.0,6305.0,2389.0,6608.0,4388.0,1569.0,Pennsylvania,2007
12612.0,7642.0,3210.0,7334.0,5161.0,2062.0,Rhode Island,2007
8533.0,5315.0,1523.0,4908.0,3500.0,977.0,South Carolina,2007
7944.0,4774.0,1289.0,4736.0,3297.0,870.0,South Dakota,2007
7113.0,4468.0,1267.0,4572.0,3142.0,877.0,Tennessee,2007
7818.0,5332.0,904.0,4666.0,3605.0,581.0,Texas,2007
5683.0,3423.0,1430.0,3604.0,2370.0,990.0,Utah,2007
13471.0,8001.0,2890.0,8269.0,5553.0,2011.0,Vermont,2007
10210.0,6572.0,2249.0,6248.0,4361.0,1476.0,Virginia,2007
8377.0,5298.0,1654.0,5018.0,3492.0,1048.0,Washington,2007
9611.0,5395.0,2777.0,5717.0,3504.0,1760.0,West Virginia,2007
10267.0,5542.0,2891.0,6271.0,3969.0,1940.0,Wisconsin,2007
13217.0,8127.0,2940.0,7782.0,5246.0,1861.0,Wyoming,2007
10259.0,6233.0,2133.0,6211.0,4206.0,1420.0,  United States,2008
9103.0,5154.0,2187.0,5309.0,3358.0,1365.0,Alabama,2008
14630.0,6812.0,4739.0,8523.0,4421.0,3153.0,Alaska,2008
7608.0,4672.0,1320.0,4306.0,3047.0,844.0,Arizona,2008
8541.0,5293.0,1393.0,5009.0,3454.0,906.0,Arkansas,2008
9863.0,6097.0,2022.0,5904.0,3934.0,1238.0,California,2008
9079.0,5464.0,1841.0,5286.0,3519.0,1168.0,Colorado,2008
13848.0,8275.0,3187.0,8509.0,5809.0,2210.0,Connecticut,2008
12253.0,6968.0,3028.0,7431.0,4823.0,2162.0,Delaware,2008
14594.0,9522.0,1241.0,6542.0,5162.0,561.0,District of Columbia,2008
9035.0,5394.0,1653.0,5440.0,3425.0,1010.0,Florida,2008
9788.0,6102.0,1968.0,6210.0,4182.0,1475.0,Georgia,2008
11800.0,6743.0,2365.0,7125.0,4586.0,1589.0,Hawaii,2008
6931.0,4265.0,1416.0,4229.0,2937.0,949.0,Idaho,2008
10246.0,6149.0,1949.0,6022.0,4155.0,1264.0,Illinois,2008
9036.0,5240.0,2529.0,5324.0,3518.0,1660.0,Indiana,2008
9267.0,5987.0,1826.0,5643.0,4026.0,1221.0,Iowa,2008
9667.0,5883.0,1493.0,5922.0,3889.0,980.0,Kansas,2008
8686.0,5664.0,1817.0,5139.0,3720.0,1150.0,Kentucky,2008
9954.0,5894.0,2084.0,5852.0,3965.0,1360.0,Louisiana,2008
11572.0,6745.0,2710.0,6677.0,4526.0,1842.0,Maine,2008
12966.0,8016.0,2916.0,7821.0,5376.0,1983.0,Maryland,2008
13454.0,7798.0,3444.0,8304.0,5378.0,2539.0,Massachusetts,2008
10069.0,5545.0,2598.0,5729.0,3589.0,1648.0,Michigan,2008
10140.0,6408.0,1973.0,6477.0,4507.0,1396.0,Minnesota,2008
7901.0,4767.0,1510.0,4635.0,3190.0,973.0,Mississippi,2008
9216.0,5874.0,1566.0,5559.0,3953.0,1018.0,Missouri,2008
9666.0,5650.0,1645.0,5829.0,3868.0,1097.0,Montana,2008
9577.0,5708.0,1822.0,6134.0,4026.0,1319.0,Nebraska,2008
8285.0,5037.0,1793.0,4885.0,3198.0,1151.0,Nevada,2008
11619.0,6769.0,2582.0,7269.0,4942.0,1894.0,New Hampshire,2008
16491.0,9541.0,3947.0,9546.0,6284.0,2532.0,New Jersey,2008
9068.0,5505.0,1673.0,5266.0,3663.0,1096.0,New Mexico,2008
17173.0,10134.0,4151.0,11818.0,7654.0,3245.0,New York,2008
7996.0,5431.0,1332.0,5033.0,3769.0,909.0,North Carolina,2008
9675.0,5967.0,1671.0,5816.0,4155.0,1173.0,North Dakota,2008
10173.0,6277.0,2221.0,5706.0,4003.0,1329.0,Ohio,2008
7685.0,4479.0,1281.0,4322.0,2968.0,862.0,Oklahoma,2008
9558.0,5173.0,2487.0,5564.0,3374.0,1581.0,Oregon,2008
12035.0,6822.0,2632.0,7134.0,4738.0,1732.0,Pennsylvania,2008
13539.0,8050.0,3626.0,7857.0,5436.0,2323.0,Rhode Island,2008
9170.0,5623.0,1669.0,5209.0,3703.0,1066.0,South Carolina,2008
8367.0,5012.0,1354.0,5014.0,3453.0,915.0,South Dakota,2008
7739.0,4821.0,1390.0,4889.0,3351.0,953.0,Tennessee,2008
8320.0,5697.0,975.0,4986.0,3871.0,633.0,Texas,2008
5765.0,3475.0,1448.0,3718.0,2429.0,1014.0,Utah,2008
14300.0,8476.0,3028.0,8737.0,5879.0,2096.0,Vermont,2008
10659.0,6805.0,2427.0,6498.0,4506.0,1598.0,Virginia,2008
9099.0,5686.0,1797.0,5398.0,3715.0,1123.0,Washington,2008
9852.0,5565.0,2775.0,5920.0,3661.0,1777.0,West Virginia,2008
10680.0,5734.0,2995.0,6475.0,4100.0,1976.0,Wisconsin,2008
13840.0,8585.0,3061.0,8185.0,5573.0,1944.0,Wyoming,2008
10499.0,6433.0,2263.0,6369.0,4333.0,1452.0,  United States,2009
8870.0,5109.0,2142.0,5142.0,3326.0,1335.0,Alabama,2009
15552.0,7257.0,4959.0,8675.0,4637.0,3026.0,Alaska,2009
7813.0,4766.0,1373.0,4376.0,3105.0,880.0,Arizona,2009
8712.0,5390.0,1412.0,5089.0,3516.0,921.0,Arkansas,2009
9657.0,6092.0,1976.0,5776.0,3942.0,1201.0,California,2009
8718.0,5653.0,1326.0,5047.0,3641.0,841.0,Colorado,2009
14531.0,8595.0,3381.0,8872.0,6017.0,2328.0,Connecticut,2009
12257.0,6918.0,3021.0,7475.0,4843.0,2144.0,Delaware,2009
16408.0,10708.0,1289.0,7460.0,6321.0,685.0,District of Columbia,2009
8760.0,5263.0,1649.0,5293.0,3357.0,1011.0,Florida,2009
9650.0,6318.0,1679.0,6052.0,4322.0,1238.0,Georgia,2009
12399.0,7067.0,2780.0,7813.0,4839.0,1911.0,Hawaii,2009
7092.0,4388.0,1466.0,4320.0,3019.0,981.0,Idaho,2009
10835.0,6415.0,3983.0,6330.0,4338.0,1421.0,Illinois,2009
9369.0,5428.0,2565.0,5389.0,3627.0,1595.0,Indiana,2009
9707.0,6306.0,1909.0,5977.0,4278.0,1281.0,Iowa,2009
9951.0,6100.0,1603.0,6128.0,4044.0,1055.0,Kansas,2009
8756.0,5683.0,1871.0,5178.0,3730.0,1179.0,Kentucky,2009
10533.0,6288.0,2163.0,6114.0,4183.0,1397.0,Louisiana,2009
12304.0,7187.0,2923.0,7059.0,4802.0,1979.0,Maine,2009
13449.0,8312.0,3117.0,8177.0,5589.0,2118.0,Maryland,2009
14118.0,8120.0,3702.0,8737.0,5020.0,2732.0,Massachusetts,2009
10483.0,5958.0,2807.0,6057.0,3875.0,1794.0,Michigan,2009
11098.0,6632.0,2713.0,7242.0,4669.0,1960.0,Minnesota,2009
8075.0,4882.0,1542.0,4719.0,3243.0,990.0,Mississippi,2009
9529.0,6085.0,1678.0,5759.0,4082.0,1094.0,Missouri,2009
10059.0,5859.0,1715.0,6043.0,4013.0,1143.0,Montana,2009
10045.0,5980.0,1895.0,6460.0,4240.0,1380.0,Nebraska,2009
8422.0,5133.0,1917.0,4979.0,3302.0,1215.0,Nevada,2009
11932.0,6946.0,2646.0,7434.0,5060.0,1938.0,New Hampshire,2009
16271.0,9900.0,3570.0,9337.0,6504.0,2192.0,New Jersey,2009
9439.0,5719.0,1805.0,5498.0,3786.0,1176.0,New Mexico,2009
18126.0,10704.0,4444.0,12524.0,8070.0,3474.0,New York,2009
8587.0,5751.0,1428.0,5470.0,3976.0,973.0,North Carolina,2009
10151.0,6258.0,1809.0,6126.0,4357.0,1276.0,North Dakota,2009
10560.0,6479.0,2300.0,5940.0,4129.0,1372.0,Ohio,2009
7885.0,4537.0,1354.0,4401.0,2989.0,907.0,Oklahoma,2009
9805.0,5354.0,2644.0,5690.0,3468.0,1669.0,Oregon,2009
12512.0,7232.0,2531.0,7516.0,5035.0,1730.0,Pennsylvania,2009
13707.0,8209.0,3585.0,7906.0,5530.0,2278.0,Rhode Island,2009
9277.0,5833.0,1732.0,5330.0,3831.0,1096.0,South Carolina,2009
8507.0,5097.0,1399.0,5097.0,3499.0,940.0,South Dakota,2009
7897.0,4947.0,1440.0,4954.0,3421.0,986.0,Tennessee,2009
8540.0,5867.0,1005.0,5142.0,3989.0,654.0,Texas,2009
6356.0,3854.0,1594.0,4075.0,2682.0,1109.0,Utah,2009
15175.0,9009.0,3178.0,9184.0,6190.0,2179.0,Vermont,2009
10930.0,7033.0,2452.0,6630.0,4645.0,1598.0,Virginia,2009
9550.0,5976.0,2036.0,5775.0,3915.0,1295.0,Washington,2009
10367.0,5850.0,2939.0,6241.0,3847.0,1897.0,West Virginia,2009
11078.0,5957.0,3140.0,6756.0,4266.0,2074.0,Wisconsin,2009
14573.0,9002.0,3235.0,8565.0,5799.0,2033.0,Wyoming,2009
10600.0,6468.0,2255.0,6465.0,4376.0,1502.0,  United States,2010
8881.0,5128.0,2131.0,5205.0,3375.0,1333.0,Alabama,2010
15783.0,7729.0,5791.0,8773.0,4877.0,2923.0,Alaska,2010
7848.0,4902.0,1252.0,4381.0,3138.0,801.0,Arizona,2010
9143.0,5517.0,1522.0,5301.0,3584.0,981.0,Arkansas,2010
9375.0,5840.0,2014.0,5643.0,3811.0,1232.0,California,2010
8853.0,5738.0,1372.0,5117.0,3686.0,872.0,Colorado,2010
14906.0,8865.0,3489.0,9273.0,6260.0,2431.0,Connecticut,2010
12383.0,6944.0,3035.0,7621.0,4894.0,2154.0,Delaware,2010
18667.0,12221.0,1514.0,8394.0,7074.0,814.0,District of Columbia,2010
8741.0,5130.0,1648.0,5279.0,3254.0,1003.0,Florida,2010
9394.0,6064.0,1796.0,5872.0,4124.0,1348.0,Georgia,2010
11754.0,6497.0,2627.0,7335.0,4509.0,1802.0,Hawaii,2010
7106.0,4397.0,1500.0,4349.0,3034.0,1005.0,Idaho,2010
11634.0,6708.0,2821.0,6920.0,4546.0,1865.0,Illinois,2010
9611.0,5555.0,2696.0,5594.0,3725.0,1683.0,Indiana,2010
9763.0,6340.0,1958.0,6046.0,4298.0,1314.0,Iowa,2010
9715.0,5983.0,1612.0,6016.0,3994.0,1078.0,Kansas,2010
8948.0,5732.0,1981.0,5319.0,3765.0,1243.0,Kentucky,2010
10638.0,6319.0,2283.0,6232.0,4191.0,1470.0,Louisiana,2010
12259.0,7293.0,2931.0,7202.0,4867.0,1999.0,Maine,2010
13738.0,8340.0,3327.0,8427.0,5622.0,2289.0,Maryland,2010
13590.0,8219.0,3097.0,8320.0,5692.0,2223.0,Massachusetts,2010
10644.0,5980.0,2879.0,6206.0,3923.0,1859.0,Michigan,2010
10685.0,6700.0,2278.0,7082.0,4760.0,1635.0,Minnesota,2010
8119.0,4949.0,1550.0,4754.0,3280.0,995.0,Mississippi,2010
9634.0,6140.0,1741.0,5836.0,4116.0,1129.0,Missouri,2010
10497.0,6102.0,1826.0,6322.0,4180.0,1217.0,Montana,2010
10734.0,6365.0,2073.0,7085.0,4566.0,1523.0,Nebraska,2010
8483.0,5221.0,1908.0,4995.0,3360.0,1212.0,Nevada,2010
12383.0,7152.0,2866.0,7789.0,5222.0,2110.0,New Hampshire,2010
16841.0,10244.0,3834.0,9740.0,6704.0,2325.0,New Jersey,2010
9384.0,5679.0,1794.0,5434.0,3748.0,1149.0,New Mexico,2010
18618.0,10895.0,4658.0,12984.0,8277.0,3688.0,New York,2010
8409.0,5550.0,1469.0,5288.0,3790.0,988.0,North Carolina,2010
10991.0,6622.0,1964.0,6604.0,4602.0,1388.0,North Dakota,2010
11030.0,6806.0,2484.0,6171.0,4340.0,1473.0,Ohio,2010
7896.0,4572.0,1383.0,4438.0,3001.0,925.0,Oklahoma,2010
9624.0,5318.0,2550.0,5608.0,3458.0,1611.0,Oregon,2010
12995.0,7517.0,2688.0,7904.0,5236.0,1837.0,Pennsylvania,2010
13699.0,8258.0,3526.0,7980.0,5592.0,2369.0,Rhode Island,2010
9143.0,5660.0,1716.0,5237.0,3721.0,1090.0,South Carolina,2010
8858.0,5294.0,1468.0,5336.0,3642.0,992.0,South Dakota,2010
8065.0,5009.0,1495.0,5079.0,3456.0,1033.0,Tennessee,2010
8746.0,5991.0,1035.0,5307.0,4080.0,679.0,Texas,2010
6064.0,3694.0,1551.0,3861.0,2566.0,1075.0,Utah,2010
15274.0,9168.0,3214.0,9254.0,6283.0,2191.0,Vermont,2010
10597.0,6893.0,2292.0,6463.0,4559.0,1487.0,Virginia,2010
9452.0,5965.0,1923.0,5735.0,3923.0,1222.0,Washington,2010
11527.0,5911.0,3837.0,7019.0,3855.0,2513.0,West Virginia,2010
11364.0,6168.0,3282.0,6931.0,4337.0,2160.0,Wisconsin,2010
15169.0,9323.0,3477.0,8959.0,5995.0,2186.0,Wyoming,2010
